WKT,name,description
"POLYGON ((-90.5653595 14.6402657, -90.5604672 14.6343695, -90.5478501 14.6337051, -90.540297 14.6349508, -90.534203 14.6376083, -90.5245041 14.6339543, -90.5229592 14.6431722, -90.5263924 14.6509781, -90.5354904 14.6501477, -90.5431294 14.6445009, -90.5622696 14.6410131, -90.5653595 14.6402657))",Zona 7,
