WKT,name,description
"POLYGON ((-90.5573168 14.6255249, -90.5460729 14.6192961, -90.545515 14.620355, -90.5618014 14.6296566, -90.5697698 14.6346806, -90.5809278 14.6356771, -90.5954332 14.6363415, -90.5981798 14.6368397, -90.5981798 14.6330196, -90.5712289 14.6317739, -90.5573168 14.6255249))",Roosevelt,
